﻿<?xml version="1.0"?>
<doc>
<assembly>
<name>
IONCalendar
</name>
</assembly>
<members>
<member name="P:IONCalendar.Customcalendar.Text">
	<summary>
 Date
 </summary>
	<value></value>
	<returns></returns>
	<remarks></remarks>
</member><member name="P:IONCalendar.My.Resources.Resources.ResourceManager">
	<summary>
  Returns the cached ResourceManager instance used by this class.
</summary>
</member><member name="P:IONCalendar.My.Resources.Resources.Culture">
	<summary>
  Overrides the current thread's CurrentUICulture property for all
  resource lookups using this strongly typed resource class.
</summary>
</member><member name="T:IONCalendar.My.Resources.Resources">
	<summary>
  A strongly-typed resource class, for looking up localized strings, etc.
</summary>
</member>
</members>
</doc>